{
    "leftToeBase": {
        "point": [
            0.09467572718858719,
            -1.2998610734939575,
            0.09608292579650879
        ],
        "index": 5850
    },
    "leftShoulder_front": {
        "point": [
            0.10326437652111053,
            0.0387902595102787,
            0.06884292513132095
        ],
        "index": 3254
    },
    "rightShoulder_front": {
        "point": [
            -0.10325650125741959,
            0.038792140781879425,
            0.06883776187896729
        ],
        "index": 6017
    },
    "leftShoulder_back": {
        "point": [
            0.1456741988658905,
            0.04300631955265999,
            -0.1179751455783844
        ],
        "index": 5545
    },
    "rightShoulder_back": {
        "point": [
            -0.1456744223833084,
            0.04300786182284355,
            -0.11798040568828583
        ],
        "index": 8258
    },
    "leftNeck_front": {
        "point": [
            0.024477003142237663,
            0.13146831095218658,
            0.025700369849801064
        ],
        "index": 3210
    },
    "rightNeck_back": {
        "point": [
            0.02827383205294609,
            0.16636087000370026,
            -0.08079929649829865
        ],
        "index": 3458
    },
    "leftNeck_back": {
        "point": [
            -0.04309866949915886,
            0.1691150665283203,
            -0.07290218025445938
        ],
        "index": 6218
    },
    "rightNeck_front": {
        "point": [
            -0.03716250881552696,
            0.13526438176631927,
            0.017690259963274002
        ],
        "index": 6693
    },
    "rightToeBase": {
        "point": [
            -0.09467588365077972,
            -1.2998582124710083,
            0.09608053416013718
        ],
        "index": 8544
    },
    "leftUpperLeg_inner": {
        "point": [
            0.15752238035202026,
            -0.7039660811424255,
            0.017479220405220985
        ],
        "index": 3608
    },
    "leftUpperLeg_outer": {
        "point": [
            0.019458375871181488,
            -0.6841516494750977,
            -0.007640140596777201
        ],
        "index": 3583
    },
    "rightUpperLeg_inner": {
        "point": [
            -0.019461767747998238,
            -0.6841529011726379,
            -0.0076417261734604836
        ],
        "index": 6344
    },
    "rightUpperLeg_outer": {
        "point": [
            -0.16064868867397308,
            -0.6953942179679871,
            -0.015195252373814583
        ],
        "index": 6371
    },
    "leftForeArm_back": {
        "point": [
            0.513603687286377,
            0.08147476613521576,
            -0.058952830731868744
        ],
        "index": 4200
    },
    "leftForeArm_pinky": {
        "point": [
            0.5086314678192139,
            0.03922666609287262,
            -0.0980779379606247
        ],
        "index": 4235
    },
    "leftForeArm_wrist": {
        "point": [
            0.5183834433555603,
            0.0036090577486902475,
            -0.0469178706407547
        ],
        "index": 4226
    },
    "leftForeArm_thumb": {
        "point": [
            0.5185719728469849,
            0.04135071486234665,
            -0.02455141581594944
        ],
        "index": 4211
    },
    "rightForeArm_back": {
        "point": [
            -0.5346959233283997,
            0.07870205491781235,
            -0.05753021314740181
        ],
        "index": 6921
    },
    "rightForeArm_pinky": {
        "point": [
            -0.5308705568313599,
            0.028106920421123505,
            -0.09739000350236893
        ],
        "index": 7095
    },
    "rightForeArm_wrist": {
        "point": [
            -0.5383197665214539,
            0.0013414190616458654,
            -0.06699442863464355
        ],
        "index": 7100
    },
    "rightForeArm_thumb": {
        "point": [
            -0.5388256907463074,
            0.052623145282268524,
            -0.028203612193465233
        ],
        "index": 7065
    },
    "leftUpperArm_up": {
        "point": [
            0.3128674626350403,
            0.09608223289251328,
            -0.04641255736351013
        ],
        "index": 3951
    },
    "leftUpperArm_down": {
        "point": [
            0.3061714768409729,
            0.0016027262900024652,
            -0.05940253660082817
        ],
        "index": 3422
    },
    "leftUpperArm_back": {
        "point": [
            0.3035772740840912,
            0.021735701709985733,
            -0.09316914528608322
        ],
        "index": 3901
    },
    "leftUpperArm_front": {
        "point": [
            0.3139004409313202,
            0.063914954662323,
            -0.005134408827871084
        ],
        "index": 3259
    },
    "rightUpperArm_back": {
        "point": [
            -0.29577115178108215,
            0.0408119298517704,
            -0.0989699736237526
        ],
        "index": 6646
    },
    "rightUpperArm_up": {
        "point": [
            -0.31286829710006714,
            0.09607969969511032,
            -0.04641227796673775
        ],
        "index": 6699
    },
    "rightUpperArm_front": {
        "point": [
            -0.3138975501060486,
            0.0639135092496872,
            -0.005131705664098263
        ],
        "index": 6022
    },
    "rightUpperArm_down": {
        "point": [
            -0.30616962909698486,
            0.0016028742538765073,
            -0.05940122902393341
        ],
        "index": 6183
    },
    "leftLowerLeg_front": {
        "point": [
            0.08118448406457901,
            -1.0514312982559204,
            -0.024182727560400963
        ],
        "index": 4004
    },
    "rightLowerLeg_front": {
        "point": [
            -0.08118608593940735,
            -1.0514302253723145,
            -0.02418404258787632
        ],
        "index": 6751
    },
    "rightLowerLeg_outer": {
        "point": [
            -0.15100672841072083,
            -1.0409326553344727,
            -0.07922222465276718
        ],
        "index": 6505
    },
    "leftLowerLeg_outer": {
        "point": [
            0.15100523829460144,
            -1.0409324169158936,
            -0.07922371476888657
        ],
        "index": 3747
    },
    "leftLowerLeg_back": {
        "point": [
            -0.08770935237407684,
            -1.0383474826812744,
            -0.11010215431451797
        ],
        "index": 6502
    },
    "rightLowerLeg_back": {
        "point": [
            0.08770906180143356,
            -1.03834867477417,
            -0.11010278016328812
        ],
        "index": 3744
    },
    "leftLowerLeg_inner": {
        "point": [
            0.05318719893693924,
            -1.0428192615509033,
            -0.07528702914714813
        ],
        "index": 3738
    },
    "rightLowerLeg_inner": {
        "point": [
            -0.059741146862506866,
            -1.041083812713623,
            -0.09000921249389648
        ],
        "index": 6906
    },
    "rightUpperLeg_front": {
        "point": [
            -0.08562925457954407,
            -0.708998441696167,
            0.07040335983037949
        ],
        "index": 6576
    },
    "rightUpperLeg_back": {
        "point": [
            -0.09358124434947968,
            -0.6756801009178162,
            -0.08844054490327835
        ],
        "index": 6378
    },
    "leftUpperLeg_front": {
        "point": [
            0.08563057333230972,
            -0.7090000510215759,
            0.07040361315011978
        ],
        "index": 3819
    },