{
    "leftToeBase": {
        "point": [
            0.10406813025474548,
            -1.2307798862457275,
            0.13032042980194092
        ],
        "index": 3301
    },
    "leftShoulder_front": {
        "point": [
            0.11236326396465302,
            0.21113494038581848,
            0.07955050468444824
        ],
        "index": 1296
    },
    "rightShoulder_front": {
        "point": [
            -0.10900811105966568,
            0.20758867263793945,
            0.08002004027366638
        ],
        "index": 4776
    },
    "leftShoulder_back": {
        "point": [
            0.16205765306949615,
            0.24034160375595093,
            -0.08315374702215195
        ],
        "index": 1826
    },
    "rightShoulder_back": {
        "point": [
            -0.1591801792383194,
            0.2386101931333542,
            -0.08090253174304962
        ],
        "index": 5289
    },
    "leftNeck_front": {
        "point": [
            0.03290912136435509,
            0.33276689052581787,
            0.06210552155971527
        ],
        "index": 217
    },
    "rightNeck_back": {
        "point": [
            0.03227049857378006,
            0.3632131814956665,
            -0.029058460146188736
        ],
        "index": 212
    },
    "leftNeck_back": {
        "point": [
            -0.038119420409202576,
            0.3621135652065277,
            -0.026694532483816147
        ],
        "index": 3724
    },
    "rightNeck_front": {
        "point": [
            -0.041211895644664764,
            0.33332350850105286,
            0.055553410202264786
        ],
        "index": 3665
    },
    "rightToeBase": {
        "point": [
            -0.11192074418067932,
            -1.2356599569320679,
            0.13297896087169647
        ],
        "index": 6700
    },
    "leftUpperLeg_inner": {
        "point": [
            0.1593995839357376,
            -0.5392388105392456,
            0.040743306279182434
        ],
        "index": 959
    },
    "leftUpperLeg_outer": {
        "point": [
            0.018851133063435555,
            -0.5520146489143372,
            0.03847486153244972
        ],
        "index": 951
    },
    "rightUpperLeg_inner": {
        "point": [
            -0.027426201850175858,
            -0.5532342791557312,
            0.030180824920535088
        ],
        "index": 4437
    },
    "rightUpperLeg_outer": {
        "point": [
            -0.16739799082279205,
            -0.5403913855552673,
            0.03619898110628128
        ],
        "index": 4447
    },
    "leftForeArm_back": {
        "point": [
            0.5786638259887695,
            0.27118152379989624,
            -0.047935523092746735
        ],
        "index": 1602
    },
    "leftForeArm_pinky": {
        "point": [
            0.5769903659820557,
            0.20782355964183807,
            -0.06904801726341248
        ],
        "index": 1563
    },
    "leftForeArm_wrist": {
        "point": [
            0.5799328684806824,
            0.19802908599376678,
            -0.028215590864419937
        ],
        "index": 1552
    },
    "leftForeArm_thumb": {
        "point": [
            0.581977367401123,
            0.24658754467964172,
            -0.005229108035564423
        ],
        "index": 1692
    },
    "rightForeArm_back": {
        "point": [
            -0.5933916568756104,
            0.268710196018219,
            -0.04802297428250313
        ],
        "index": 5060
    },
    "rightForeArm_pinky": {
        "point": [
            -0.5914836525917053,
            0.21072746813297272,
            -0.0730343908071518
        ],
        "index": 5053
    },
    "rightForeArm_wrist": {
        "point": [
            -0.595098078250885,
            0.19737710058689117,
            -0.03350751847028732
        ],
        "index": 5024
    },
    "rightForeArm_thumb": {
        "point": [
            -0.5961431264877319,
            0.24205511808395386,
            -0.006798291578888893
        ],
        "index": 5028
    },
    "leftUpperArm_up": {
        "point": [
            0.3384683132171631,
            0.26763471961021423,
            -0.035303279757499695
        ],
        "index": 1379
    },
    "leftUpperArm_down": {
        "point": [
            0.3445392847061157,
            0.1837449073791504,
            -0.020963404327630997
        ],
        "index": 1381
    },
    "leftUpperArm_back": {
        "point": [
            0.34704482555389404,
            0.219556525349617,
            -0.067154660820961
        ],
        "index": 1389
    },
    "leftUpperArm_front": {
        "point": [
            0.3348040282726288,
            0.22031019628047943,
            0.0206785649061203
        ],
        "index": 628
    },
    "rightUpperArm_back": {
        "point": [
            -0.3454757630825043,
            0.23545682430267334,
            -0.06653596460819244
        ],
        "index": 4866
    },
    "rightUpperArm_up": {
        "point": [
            -0.3350983262062073,
            0.2686839997768402,
            -0.018189435824751854
        ],
        "index": 4794
    },
    "rightUpperArm_front": {
        "point": [
            -0.3317093551158905,
            0.2360086292028427,
            0.022362863644957542
        ],
        "index": 4117
    },
    "rightUpperArm_down": {
        "point": [
            -0.3413073420524597,
            0.18492534756660461,
            -0.02131902426481247
        ],
        "index": 4856
    },
    "leftLowerLeg_front": {
        "point": [
            0.09623396396636963,
            -0.936673641204834,
            0.008960050530731678
        ],
        "index": 1074
    },
    "rightLowerLeg_front": {
        "point": [
            -0.10464686900377274,
            -0.9375178217887878,
            0.005027936305850744
        ],
        "index": 4560
    },
    "rightLowerLeg_outer": {
        "point": [
            -0.15888641774654388,
            -0.9271619319915771,
            -0.04465560242533684
        ],
        "index": 4580
    },
    "leftLowerLeg_outer": {
        "point": [
            0.1504191905260086,
            -0.9263267517089844,
            -0.03887885436415672
        ],
        "index": 1094
    },
    "leftLowerLeg_back": {
        "point": [
            -0.10292991250753403,
            -0.9213868379592896,
            -0.10103564709424973
        ],
        "index": 4940
    },
    "rightLowerLeg_back": {
        "point": [
            0.0959225445985794,
            -0.9201712012290955,
            -0.09862802922725677
        ],
        "index": 1466
    },
    "leftLowerLeg_inner": {
        "point": [
            0.037312254309654236,
            -0.9262071847915649,
            -0.05493583902716637
        ],
        "index": 1089
    },
    "rightLowerLeg_inner": {
        "point": [
            -0.045109156519174576,
            -0.9264279007911682,
            -0.05965173989534378
        ],
        "index": 4573
    },
    "rightUpperLeg_front": {
        "point": [
            -0.09294699132442474,
            -0.5459679961204529,
            0.09277479350566864
        ],
        "index": 4434
    },
    "rightUpperLeg_back": {
        "point": [
            -0.09505842626094818,
            -0.5425187945365906,
            -0.07073351740837097
        ],
        "index": 4931
    },
    "leftUpperLeg_front": {
        "point": [
            0.08671367168426514,
            -0.5440404415130615,
            0.0983225554227829
        ],
        "index": 946
    },