{"scale": 0.6209591900685839, "center": [[0.24053729159568937, 0.4273697541910232, 2.63028661943574], [0.24053181304735002, 0.4299372850971174, 2.6349275242059704], [0.24153391598413534, 0.4326756530260581, 2.640310343167136], [0.24281607169941524, 0.4342464547714956, 2.647274312572696], [0.24417232214148257, 0.4362348480564401, 2.6557552482442746], [0.24452603650761218, 0.4384948564485816, 2.665429216945661], [0.24634974156778291, 0.4406783288235368, 2.676450793363723], [0.24822227425443794, 0.44184420904445976, 2.687584922041877], [0.25163783731085076, 0.4428175936303898, 2.697974572660636], [0.2541887951746389, 0.44392830897159674, 2.708246783600252], [0.25698560168641443, 0.44550826553799766, 2.7180416520722512], [0.25891950850524686, 0.4472178546992786, 2.727669689034809], [0.2609954621027413, 0.44922511048074515, 2.736910745668069], [0.26357154425348733, 0.45133814683474094, 2.7456513719832456], [0.26687405009146864, 0.45313890499935694, 2.7555638610714435], [0.27078780147599657, 0.4531537719062875, 2.7661928309828223], [0.2723557905306104, 0.45186501597908696, 2.7762881396587122], [0.27340601253073077, 0.4500179699399311, 2.784228711922465], [0.2755389761741561, 0.44681727696513646, 2.792227291870879], [0.2784507186800914, 0.4446943437657275, 2.800300492448972], [0.28050581057533824, 0.4412886395085466, 2.80853055909039], [0.28003338471723294, 0.4388304639593694, 2.816834377731722], [0.27977178373552447, 0.43660512116688105, 2.8251513618694126], [0.28008807853936823, 0.43738392244451224, 2.833518552923486], [0.2804032817761952, 0.4379479521470704, 2.841451449698564], [0.28096730925961977, 0.43887778956205425, 2.8499975769602925], [0.28153143537233166, 0.4388827477828338, 2.859954870282959], [0.28339306509815293, 0.43955724236397914, 2.8711368992282553], [0.2844463192159092, 0.440054033980685, 2.87933672779085], [0.28468019777419884, 0.43765704066182404, 2.884315132863599], [0.2845725623077426, 0.437111378220708, 2.8876213088263025], [0.28391867568699203, 0.4380793873791459, 2.892842875739424], [0.283592186158962, 0.4385283408334747, 2.8978615713557203], [0.2831596999192454, 0.4395127171242066, 2.9002383349797065], [0.2831089247580152, 0.44003052113527047, 2.900332373772039], [0.28420765189739655, 0.43887674176668345, 2.9046851405063014], [0.2865717325032046, 0.4410284212474653, 2.911390262509543], [0.2897481161904765, 0.4432351202117085, 2.9192957132002304], [0.2930443748065178, 0.44604750376125085, 2.9286597237551244], [0.296232948240403, 0.44910761217772505, 2.937437923379936], [0.2974173542512356, 0.45210904175499567, 2.947450046728706], [0.2985592275765243, 0.4558449681349576, 2.9586781490035325], [0.29912569981094134, 0.46051180319212676, 2.9699558055702187], [0.29958788577768125, 0.46463928823657535, 2.9817949541744624], [0.30041126532903834, 0.4706306916946039, 2.992233668649525], [0.3007020511200508, 0.47647794017000633, 2.999493469460917], [0.3023659043339195, 0.4812158830564386, 3.004810802004052], [0.30371817049594724, 0.4860747464934243, 3.0091556626931584], [0.30498734767774643, 0.49151333256121443, 3.011426917759798], [0.3048909466776601, 0.49689373920193936, 3.0114984998172094], [0.30353341830304453, 0.5038468197020931, 3.009011572563744], [0.3014912383412863, 0.5121833853718482, 3.0059456369224993], [0.29779685436332426, 0.519159982680013, 3.002157530169692], [0.2927153249541416, 0.5259860303953616, 2.9961181558983223], [0.2881213777422977, 0.5316795004813331, 2.991051624497166], [0.2827647746263401, 0.538075660678065, 2.986609295433827], [0.27662916609965343, 0.5436445551259478, 2.9816777145045115], [0.27055053932810674, 0.5478290603635664, 2.976083595705713], [0.2649034038283071, 0.5512338678761453, 2.970484099072485], [0.26137655640240115, 0.5545736344973812, 2.9643993051039166], [0.25792047298965526, 0.5585470502328391, 2.9586382113771728], [0.25419947290241235, 0.5627640179294875, 2.952971599500964], [0.2497948867333896, 0.5650175868439492, 2.9477280729153326], [0.24756010923091792, 0.5676903183948132, 2.9440941292225533], [0.24398319881716404, 0.5693181220494997, 2.942114355902612], [0.2417849918597648, 0.568940476058649, 2.940856402651652], [0.23936715489862412, 0.5689330968016121, 2.9406838889756473], [0.2367950061764371, 0.5699010051825179, 2.9413194593517273], [0.2335236777232661, 0.5721696873771245, 2.9420659002184055], [0.2304818546937612, 0.5750280212385583, 2.9426801967142553], [0.22856712942597865, 0.5788126836408417, 2.9439409860568615], [0.22667925316330348, 0.5815906740147346, 2.944570565515036], [0.2251908742971186, 0.5833909447676003, 2.9449105456874696], [0.22310891821695825, 0.5848624638743912, 2.946163656551591], [0.22316123341816252, 0.5850192943387347, 2.9473129343674462], [0.22262751268591155, 0.5853860522006287, 2.947568586100636], [0.2213060855708166, 0.5852483841634607, 2.948030653223004], [0.21984324201718342, 0.5847344150031744, 2.9491274404428993], [0.21860966125272344, 0.5846374880457249, 2.9511799195459663], [0.2166447077944866, 0.5846605691785192, 2.952294600673466], [0.2162521575434048, 0.5831987956323014, 2.951428488891499], [0.21476347945421087, 0.5814427032645009, 2.951691871735187], [0.21280263157264595, 0.5806096565679166, 2.9535722234076727], [0.21184565675981692, 0.5792388473966601, 2.9548241562747664], [0.21355958023984753, 0.577683069712993, 2.955908273000883], [0.21437368543029445, 0.5766230970297238, 2.956633841352749], [0.21415393389510354, 0.576109925151342, 2.9567718022113345], [0.21353241926801658, 0.5764966060547018, 2.9568799225241245], [0.21328190058759441, 0.576000304226861, 2.9558445446947306], [0.21230141906343106, 0.5763496740500794, 2.954164506575352], [0.211158444781697, 0.5765131479886144, 2.951794130623033], [0.2109969754026898, 0.5756917026604708, 2.9487474902338437], [0.21044507612734867, 0.5755472318292227, 2.9455924977913197], [0.2101684479164919, 0.5768605673337881, 2.9439744972887003], [0.20974447995604475, 0.5782604259129532, 2.941751279312693], [0.20931609869683582, 0.5792138006158687, 2.9390331356636348], [0.20948780924806745, 0.5804857978945921, 2.9369017744940553], [0.20865562111759695, 0.5829991232540341, 2.9363003590080963], [0.20713657165678678, 0.5849537341841909, 2.9350570659323245], [0.2062943492572757, 0.585880791994552, 2.934339466768596], [0.20581431573491765, 0.5866775835481811, 2.9337631258227055], [0.2071145473963986, 0.587804786507171, 2.9334019032530705], [0.2073132563813227, 0.5889140470188607, 2.9325524485947163], [0.20673023998822745, 0.5894178190183098, 2.931922535249575], [0.206623962654935, 0.590289652699131, 2.930533860167206], [0.20580518883939236, 0.5909565051902945, 2.928892588763468], [0.20492919927708197, 0.5913812474315234, 2.9277634990747017], [0.2050107930500331, 0.5910358305265537, 2.926845217899356], [0.20477318474041903, 0.5917494413773963, 2.9256812499613], [0.20426578481438612, 0.5930828493607414, 2.924084038087197], [0.20490090416479606, 0.5941191346995095, 2.9221842000569693], [0.20525770215524675, 0.5949393049634796, 2.921809141489986], [0.20610744810149076, 0.5956045538317905, 2.922521007834112], [0.20659067747036894, 0.5941284891393278, 2.9213212551956875], [0.20716079629020515, 0.5940258299511505, 2.919550332866697], [0.20796219468061267, 0.5931085684596121, 2.917472685359561], [0.20918982327848684, 0.5928220260610279, 2.9148553578298215], [0.2088367302219409, 0.5936137012295643, 2.912793886660873], [0.20814656893224703, 0.5943941855556308, 2.911168030177582], [0.20753011299783417, 0.5944437189112394, 2.9099486262869045], [0.2071890043029314, 0.5946086033409089, 2.9092872763908226], [0.20821559113223184, 0.5958866804149043, 2.9091934104181902], [0.20834625913294022, 0.5973283197323469, 2.9083211908621887], [0.20854589696934048, 0.5975235439861408, 2.9068098288020243], [0.2088118567163507, 0.5959957521423247, 2.90511006323991], [0.2092376136257859, 0.5937443866685871, 2.9032108524546567], [0.20906498001488866, 0.5925637826473447, 2.9017750003092186], [0.20941486783225136, 0.5908183812958747, 2.9002293828036856], 